{
  "model_experiment": "gpt-5.4-pro",
  "computed_at": "2026-07-24T01:33:43.275266+00:00",
  "screening": {
    "2": {
      "step": 2,
      "reviewed": 408,
      "pending_review": 0,
      "pending_adjudication": 0,
      "conflicts": 49,
      "conflict_rate": 0.12009803921568628,
      "adjudication": {
        "resolved": 49,
        "sided_with_llm": 18,
        "sided_with_reviewer1": 31
      },
      "by_origin": {
        "scopus": {
          "n": 127,
          "tp": 118,
          "fp": 1,
          "fn": 0,
          "tn": 8,
          "precision": 0.9915966386554622,
          "recall": 1.0,
          "f1": 0.9957805907172996,
          "accuracy": 0.9921259842519685,
          "agreement_pct": 0.9921259842519685
        },
        "google": {
          "n": 100,
          "tp": 80,
          "fp": 3,
          "fn": 1,
          "tn": 16,
          "precision": 0.963855421686747,
          "recall": 0.9876543209876543,
          "f1": 0.975609756097561,
          "accuracy": 0.96,
          "agreement_pct": 0.94
        },
        "github": {
          "n": 100,
          "tp": 57,
          "fp": 7,
          "fn": 2,
          "tn": 34,
          "precision": 0.890625,
          "recall": 0.9661016949152542,
          "f1": 0.9268292682926829,
          "accuracy": 0.91,
          "agreement_pct": 0.78
        },
        "hf": {
          "n": 81,
          "tp": 58,
          "fp": 15,
          "fn": 2,
          "tn": 6,
          "precision": 0.7945205479452054,
          "recall": 0.9666666666666667,
          "f1": 0.8721804511278196,
          "accuracy": 0.7901234567901234,
          "agreement_pct": 0.7530864197530864
        }
      },
      "pooled": {
        "n": 408,
        "tp": 313,
        "fp": 26,
        "fn": 5,
        "tn": 64,
        "precision": 0.9233038348082596,
        "recall": 0.9842767295597484,
        "f1": 0.9528158295281582,
        "accuracy": 0.9240196078431373,
        "agreement_pct": 0.8799019607843137
      }
    },
    "3": {
      "step": 3,
      "reviewed": 318,
      "pending_review": 0,
      "pending_adjudication": 0,
      "conflicts": 65,
      "conflict_rate": 0.20440251572327045,
      "adjudication": {
        "resolved": 65,
        "sided_with_llm": 17,
        "sided_with_reviewer1": 48
      },
      "by_origin": {
        "scopus": {
          "n": 118,
          "tp": 58,
          "fp": 3,
          "fn": 20,
          "tn": 37,
          "precision": 0.9508196721311475,
          "recall": 0.7435897435897436,
          "f1": 0.8345323741007195,
          "accuracy": 0.8050847457627118,
          "agreement_pct": 0.711864406779661
        },
        "google": {
          "n": 81,
          "tp": 32,
          "fp": 5,
          "fn": 10,
          "tn": 34,
          "precision": 0.8648648648648649,
          "recall": 0.7619047619047619,
          "f1": 0.810126582278481,
          "accuracy": 0.8148148148148148,
          "agreement_pct": 0.7407407407407407
        },
        "github": {
          "n": 59,
          "tp": 35,
          "fp": 4,
          "fn": 1,
          "tn": 19,
          "precision": 0.8974358974358975,
          "recall": 0.9722222222222222,
          "f1": 0.9333333333333333,
          "accuracy": 0.9152542372881356,
          "agreement_pct": 0.9152542372881356
        },
        "hf": {
          "n": 60,
          "tp": 38,
          "fp": 3,
          "fn": 2,
          "tn": 17,
          "precision": 0.926829268292683,
          "recall": 0.95,
          "f1": 0.9382716049382716,
          "accuracy": 0.9166666666666666,
          "agreement_pct": 0.9166666666666666
        }
      },
      "pooled": {
        "n": 318,
        "tp": 163,
        "fp": 15,
        "fn": 33,
        "tn": 107,
        "precision": 0.9157303370786517,
        "recall": 0.8316326530612245,
        "f1": 0.8716577540106952,
        "accuracy": 0.8490566037735849,
        "agreement_pct": 0.7955974842767296
      }
    },
    "4": {
      "step": 4,
      "reviewed": 196,
      "pending_review": 0,
      "pending_adjudication": 0,
      "conflicts": 33,
      "conflict_rate": 0.1683673469387755,
      "adjudication": {
        "resolved": 33,
        "sided_with_llm": 16,
        "sided_with_reviewer1": 17
      },
      "by_origin": {
        "scopus": {
          "n": 78,
          "tp": 58,
          "fp": 2,
          "fn": 1,
          "tn": 17,
          "precision": 0.9666666666666667,
          "recall": 0.9830508474576272,
          "f1": 0.9747899159663865,
          "accuracy": 0.9615384615384616,
          "agreement_pct": 0.8846153846153846
        },
        "google": {
          "n": 42,
          "tp": 23,
          "fp": 4,
          "fn": 7,
          "tn": 8,
          "precision": 0.8518518518518519,
          "recall": 0.7666666666666667,
          "f1": 0.8070175438596491,
          "accuracy": 0.7380952380952381,
          "agreement_pct": 0.6666666666666666
        },
        "github": {
          "n": 36,
          "tp": 29,
          "fp": 1,
          "fn": 1,
          "tn": 5,
          "precision": 0.9666666666666667,
          "recall": 0.9666666666666667,
          "f1": 0.9666666666666667,
          "accuracy": 0.9444444444444444,
          "agreement_pct": 0.8888888888888888
        },
        "hf": {
          "n": 40,
          "tp": 33,
          "fp": 1,
          "fn": 0,
          "tn": 6,
          "precision": 0.9705882352941176,
          "recall": 1.0,
          "f1": 0.9850746268656716,
          "accuracy": 0.975,
          "agreement_pct": 0.85
        }
      },
      "pooled": {
        "n": 196,
        "tp": 143,
        "fp": 8,
        "fn": 9,
        "tn": 36,
        "precision": 0.9470198675496688,
        "recall": 0.9407894736842105,
        "f1": 0.9438943894389439,
        "accuracy": 0.9132653061224489,
        "agreement_pct": 0.8316326530612245
      }
    }
  },
  "skipped": {}
}